{"cameraMode":{"drawMode":0,"name":"Shaded","section":"Shading Mode"},"sceneLighting":true,"audioPlay":false,"sceneViewState":{"showFog":true,"showMaterialUpdate":false,"showSkybox":true,"showFlares":true,"showImageEffects":true,"showParticleSystems":true},"in2DMode":false,"pivot":{"x":3.8564774990081789,"y":-0.763016939163208,"z":0.6797885894775391},"rotation":{"x":0.006934557110071182,"y":-0.98064124584198,"z":0.19247393310070039,"w":0.03533407673239708},"size":11.271096229553223,"orthographic":false}